filename,file_size,file_attributes,region_count,region_id,region_shape_attributes,region_attributes
32-01-2017-02-08-00:00_2017-02-08-23:59_Sentinel-2_L2A_True_color.png,184376,"{}",25,0,"{""name"":""polygon"",""all_points_x"":[43,82,63,41,36,29,22,25,41],""all_points_y"":[10,21,69,62,57,59,57,48,10]}","{}"
32-01-2017-02-08-00:00_2017-02-08-23:59_Sentinel-2_L2A_True_color.png,184376,"{}",25,1,"{""name"":""polygon"",""all_points_x"":[15,15,19,24,30,35,37,33,29,25,20,16,13,11,11,11,11,11,10,10,8,5,8,9,10,11,12,14,16,17,19,19,21,23,23,23,24,27,31,38,40,43,42,42,43,44,45,45,46,47,49,50,51,51,52,53,55,49,45],""all_points_y"":[81,107,105,104,102,102,103,104,105,106,107,109,112,114,117,122,125,130,133,136,139,141,146,149,152,154,155,159,157,153,148,145,142,141,139,137,135,134,135,137,135,130,128,125,122,121,120,117,114,112,110,108,106,102,98,95,93,91,90]}","{}"
32-01-2017-02-08-00:00_2017-02-08-23:59_Sentinel-2_L2A_True_color.png,184376,"{}",25,2,"{""name"":""polygon"",""all_points_x"":[27,25,21,18,15,11,11,24,35,40,46,52,57,62,63,64,65,66,65,65,66,68,68,69,71,72,74,75,74,46,43,43,41,38,34,30],""all_points_y"":[140,147,157,162,177,188,199,195,192,191,190,190,189,189,185,182,182,176,172,170,167,160,157,155,154,153,146,142,139,136,136,139,139,141,140,139]}","{}"
32-01-2017-02-08-00:00_2017-02-08-23:59_Sentinel-2_L2A_True_color.png,184376,"{}",25,3,"{""name"":""polygon"",""all_points_x"":[129,134,132,127,124,120,117,114,113,110,107,102,98,95,91,88,86,84,82,80],""all_points_y"":[225,209,207,207,206,203,201,200,199,200,201,201,201,199,198,197,197,203,214,218]}","{}"
32-01-2017-02-08-00:00_2017-02-08-23:59_Sentinel-2_L2A_True_color.png,184376,"{}",25,4,"{""name"":""polygon"",""all_points_x"":[84,83,81,79,79,78,74,72,70,71,73,73,74,75],""all_points_y"":[196,199,205,210,213,218,218,215,213,207,202,200,196,195]}","{}"
32-01-2017-02-08-00:00_2017-02-08-23:59_Sentinel-2_L2A_True_color.png,184376,"{}",25,5,"{""name"":""polygon"",""all_points_x"":[124,167,168,166,161,160,156,154,154,156,157,159,144],""all_points_y"":[170,179,172,168,161,160,160,157,154,153,150,146,144]}","{}"
32-01-2017-02-08-00:00_2017-02-08-23:59_Sentinel-2_L2A_True_color.png,184376,"{}",25,6,"{""name"":""polygon"",""all_points_x"":[119,117,101,104],""all_points_y"":[139,148,144,136]}","{}"
32-01-2017-02-08-00:00_2017-02-08-23:59_Sentinel-2_L2A_True_color.png,184376,"{}",25,7,"{""name"":""polygon"",""all_points_x"":[88,82,84,94,102,110,117,124,129,135,139,143,145,146,147,146,141,143,144,144,146],""all_points_y"":[0,15,16,18,20,22,24,24,25,24,25,25,23,20,18,16,14,10,8,5,0]}","{}"
32-01-2017-02-08-00:00_2017-02-08-23:59_Sentinel-2_L2A_True_color.png,184376,"{}",25,8,"{""name"":""polygon"",""all_points_x"":[127,146,233,231,226,225,223,222,216,216,213,212,212,209,210,211,216,213,214,211,209,207,205,203,200,196,193,192,192,193,193,190,188,186,185,185,184,183,168,165,162,160,159,159,184,185,188,189,188,185,183,182,182,156,153,150,149,148,146,144,144,136,137,136,135,132,131,131,134,136,135,133,130],""all_points_y"":[81,38,63,72,71,74,74,72,72,74,73,77,80,85,89,93,95,102,105,115,116,114,114,116,116,115,113,111,108,106,104,103,103,103,105,108,109,110,106,104,102,102,103,101,85,85,85,83,82,81,81,81,83,100,100,99,98,95,95,96,98,95,93,92,91,91,90,87,86,86,82,82,81]}","{}"
32-01-2017-02-08-00:00_2017-02-08-23:59_Sentinel-2_L2A_True_color.png,184376,"{}",25,9,"{""name"":""polygon"",""all_points_x"":[300,297,296,296,294,292,289,287,287,288,294,299,304,306,309,310,311,313,319,319],""all_points_y"":[89,96,99,101,103,109,116,119,122,124,126,127,129,130,126,122,118,112,100,97]}","{}"
32-01-2017-02-08-00:00_2017-02-08-23:59_Sentinel-2_L2A_True_color.png,184376,"{}",25,10,"{""name"":""polygon"",""all_points_x"":[263,265,269,270,271,271,274,290,291,291,291,291,293,296,300,306,313,317,319,320,310,309,306,299,294,288,287,287],""all_points_y"":[177,179,181,184,186,188,188,184,182,177,172,168,165,163,163,165,168,170,170,124,123,126,130,127,126,124,122,121]}","{}"
32-01-2017-02-08-00:00_2017-02-08-23:59_Sentinel-2_L2A_True_color.png,184376,"{}",25,11,"{""name"":""polygon"",""all_points_x"":[288,305,308,306,307,308,310,310,312,313,315,308,303,300,297],""all_points_y"":[203,207,199,196,194,193,192,189,180,176,172,169,168,167,166]}","{}"
32-01-2017-02-08-00:00_2017-02-08-23:59_Sentinel-2_L2A_True_color.png,184376,"{}",25,12,"{""name"":""polygon"",""all_points_x"":[289,286,286,288,289,293,297,298,300,300,306,309,310,313,316,316,317,318,320,320],""all_points_y"":[207,213,216,221,222,221,220,221,224,225,226,226,226,228,232,235,238,241,241,214]}","{}"
32-01-2017-02-08-00:00_2017-02-08-23:59_Sentinel-2_L2A_True_color.png,184376,"{}",25,13,"{""name"":""polygon"",""all_points_x"":[176,212,211,210,205,200,196,193,190,187,183,180,175,172,172],""all_points_y"":[266,270,288,289,289,289,288,288,288,288,287,285,283,280,278]}","{}"
32-01-2017-02-08-00:00_2017-02-08-23:59_Sentinel-2_L2A_True_color.png,184376,"{}",25,14,"{""name"":""polygon"",""all_points_x"":[212,215,199,198,197,196,187,184,184,183,181,180,179,178,178],""all_points_y"":[267,236,235,236,235,234,233,238,241,246,250,255,259,262,263]}","{}"
32-01-2017-02-08-00:00_2017-02-08-23:59_Sentinel-2_L2A_True_color.png,184376,"{}",25,15,"{""name"":""polygon"",""all_points_x"":[215,213,214,217,221,225,230,232,234,236,236,236,236],""all_points_y"":[270,287,286,283,281,279,278,279,279,279,276,274,272]}","{}"
32-01-2017-02-08-00:00_2017-02-08-23:59_Sentinel-2_L2A_True_color.png,184376,"{}",25,16,"{""name"":""polygon"",""all_points_x"":[215,236,236,237,239,238,238,238,238,238,240,240,240,240,240,239,237,235,232,228,226,223,220,219],""all_points_y"":[267,270,267,263,259,254,249,243,239,236,232,228,226,224,222,222,222,223,224,224,223,222,220,220]}","{}"
32-01-2017-02-08-00:00_2017-02-08-23:59_Sentinel-2_L2A_True_color.png,184376,"{}",25,17,"{""name"":""polygon"",""all_points_x"":[189,188,189,188,189,188,189,196,215,215,215,215,215,206,205,203,200,197,192],""all_points_y"":[218,221,225,227,229,231,231,232,234,232,230,228,227,223,215,215,214,215,217]}","{}"
32-01-2017-02-08-00:00_2017-02-08-23:59_Sentinel-2_L2A_True_color.png,184376,"{}",25,18,"{""name"":""polygon"",""all_points_x"":[305,310,313,314,315,320,320,319,313,308,306,307,307,305,303,300,304],""all_points_y"":[247,257,264,268,271,272,255,249,246,244,242,240,237,237,239,240,245]}","{}"
32-01-2017-02-08-00:00_2017-02-08-23:59_Sentinel-2_L2A_True_color.png,184376,"{}",25,19,"{""name"":""polygon"",""all_points_x"":[308,306,305,305,302,302,298,298,297,287,284,281,274,271,265,258,254,248,246,241,240,243,246,249,251,251,251,249,245,244,243,259,260,261,261,261,278],""all_points_y"":[14,14,17,19,21,24,30,33,35,53,58,58,57,56,54,51,50,48,47,45,44,44,45,44,41,39,37,36,35,35,35,5,4,3,1,0,0]}","{}"
32-01-2017-02-08-00:00_2017-02-08-23:59_Sentinel-2_L2A_True_color.png,184376,"{}",25,20,"{""name"":""polygon"",""all_points_x"":[317,315,313,310,309,308,278],""all_points_y"":[0,4,6,11,12,14,0]}","{}"
32-01-2017-02-08-00:00_2017-02-08-23:59_Sentinel-2_L2A_True_color.png,184376,"{}",25,21,"{""name"":""polygon"",""all_points_x"":[137,136,134,133,131,130,129,129,127,126,125,125,124,122,122,126,129,132,134,148,167,178,183,184,183,180,177,172,169,165,161,157,154,151,146,141],""all_points_y"":[206,209,214,219,224,229,231,234,239,242,243,248,253,257,261,262,264,265,265,251,233,223,218,216,215,215,213,212,214,214,213,211,210,207,207,205]}","{}"
32-01-2017-02-08-00:00_2017-02-08-23:59_Sentinel-2_L2A_True_color.png,184376,"{}",25,22,"{""name"":""polygon"",""all_points_x"":[184,135,136,140,144,149,154,159,164,166,168,171,176,178,179,182,184,184,186,185,185],""all_points_y"":[220,267,269,270,272,271,270,270,270,272,272,273,254,252,246,239,234,230,228,224,220]}","{}"
32-01-2017-02-08-00:00_2017-02-08-23:59_Sentinel-2_L2A_True_color.png,184376,"{}",25,23,"{""name"":""polygon"",""all_points_x"":[241,246,254,255,261,268,274,303,307,309,292,288,259,254,250,245,242,238,238,238,238,239,240],""all_points_y"":[260,261,263,265,265,268,269,279,279,295,289,303,303,303,303,300,297,296,294,287,278,272,265]}","{}"
32-01-2017-02-08-00:00_2017-02-08-23:59_Sentinel-2_L2A_True_color.png,184376,"{}",25,24,"{""name"":""polygon"",""all_points_x"":[24,24,23,23,22,19,17,16,13,11,9,7,5,5,5,5,6,6,6,8,13,13,13,13,15,15,10,10,12,15,20,23,27,33,37,26],""all_points_y"":[40,41,42,43,45,52,57,62,64,65,65,67,68,64,60,56,53,50,46,47,45,44,42,41,41,38,35,34,32,27,21,17,15,12,11,36]}","{}"
32-02-2017-02-08-00:00_2017-02-08-23:59_Sentinel-2_L2A_True_color.png,201706,"{}",22,0,"{""name"":""polygon"",""all_points_x"":[23,12,9,7,11,15,15,15,13,12,8,5,4,3,3,4,9,14,16,20,20,19,18,18,22,25,28,30,32,34,35,42,49,56,64,68,70,70,69,46],""all_points_y"":[1,21,27,31,31,32,34,38,41,42,41,40,40,47,52,54,55,56,58,60,63,65,68,69,71,72,72,72,74,74,74,66,54,40,28,20,15,11,10,0]}","{}"
32-02-2017-02-08-00:00_2017-02-08-23:59_Sentinel-2_L2A_True_color.png,201706,"{}",22,1,"{""name"":""polygon"",""all_points_x"":[72,54,78,78,78,76,73],""all_points_y"":[8,0,0,2,5,6,7]}","{}"
32-02-2017-02-08-00:00_2017-02-08-23:59_Sentinel-2_L2A_True_color.png,201706,"{}",22,2,"{""name"":""polygon"",""all_points_x"":[69,97,109,114,109,98,93,91,86,77,73,71,70],""all_points_y"":[17,32,38,32,29,24,21,19,19,14,12,12,12]}","{}"
32-02-2017-02-08-00:00_2017-02-08-23:59_Sentinel-2_L2A_True_color.png,201706,"{}",22,3,"{""name"":""polygon"",""all_points_x"":[84,80,76,72,68,66,64,63,62,61,61,61,59,58,56,56,55,54,53,51,50,50,49,47,45,44,44,39,34,29,27,27,29,31,33,35,35,35,53,55,55,55,57],""all_points_y"":[93,92,90,88,86,85,85,87,90,93,94,96,97,99,104,105,108,111,111,114,116,119,123,127,129,131,133,145,156,167,173,174,176,176,179,181,184,186,180,179,176,165,160]}","{}"
32-02-2017-02-08-00:00_2017-02-08-23:59_Sentinel-2_L2A_True_color.png,201706,"{}",22,4,"{""name"":""polygon"",""all_points_x"":[99,99,100,113,74,58,89,96,99],""all_points_y"":[168,166,163,131,118,158,166,168,168]}","{}"
32-02-2017-02-08-00:00_2017-02-08-23:59_Sentinel-2_L2A_True_color.png,201706,"{}",22,5,"{""name"":""polygon"",""all_points_x"":[121,106,94,86,84,81,78,76,113,116,120,121],""all_points_y"":[109,102,97,94,100,108,115,118,130,122,113,110]}","{}"
32-02-2017-02-08-00:00_2017-02-08-23:59_Sentinel-2_L2A_True_color.png,201706,"{}",22,6,"{""name"":""polygon"",""all_points_x"":[128,120,114,111,112,114,117,123,123,131,134,136,141,150,156,156,154,152,151,148,143,139,137,137,135,134,134,131,128,127],""all_points_y"":[143,141,139,138,135,131,127,111,110,115,114,114,117,122,124,125,132,135,137,135,134,132,132,135,141,144,147,149,149,147]}","{}"
32-02-2017-02-08-00:00_2017-02-08-23:59_Sentinel-2_L2A_True_color.png,201706,"{}",22,7,"{""name"":""polygon"",""all_points_x"":[162,160,158,154,151,149,147,145,145,142,140,138,139,141,141,140,140,153,153,157,158,160,161,165,168,168,171,175,178,180],""all_points_y"":[127,133,139,147,153,157,162,165,168,167,167,170,173,175,177,178,179,183,181,181,179,180,180,172,164,160,155,145,138,135]}","{}"
32-02-2017-02-08-00:00_2017-02-08-23:59_Sentinel-2_L2A_True_color.png,201706,"{}",22,8,"{""name"":""polygon"",""all_points_x"":[227,231,240,246,250,255,258,260,263,265,264,242,237,230,211,207,205,202,201,200,198,195,192,185,181,180,171,170,168,168,164,161,166,172,175,181,187,192,193,194,195,197,197,199,199,200,201,203,207,208,207,205,203,206,210,211,213,214],""all_points_y"":[197,197,199,196,194,189,184,181,176,173,171,163,160,157,150,147,147,147,145,144,143,141,141,137,136,135,154,157,160,164,175,180,182,183,185,186,187,188,188,187,186,186,188,187,184,180,178,177,177,179,182,185,190,191,191,192,190,193]}","{}"
32-02-2017-02-08-00:00_2017-02-08-23:59_Sentinel-2_L2A_True_color.png,201706,"{}",22,9,"{""name"":""polygon"",""all_points_x"":[308,304,296,310,308,283,283,283,286,287,290,292,294,297,297,296,294,299,317,319,319,318,315,317,318,316,313],""all_points_y"":[140,147,157,160,163,197,198,200,200,199,195,190,189,191,194,198,201,202,204,200,142,141,141,140,136,134,134]}","{}"
32-02-2017-02-08-00:00_2017-02-08-23:59_Sentinel-2_L2A_True_color.png,201706,"{}",22,10,"{""name"":""polygon"",""all_points_x"":[270,287,285,282,278,275,271,268,266,263,261,260,260,259,261,262,266,267,267,266,267,268,268,268,270,272,273,271,269,268,247],""all_points_y"":[249,208,205,204,204,204,204,204,202,201,202,205,207,209,210,206,205,205,207,210,211,212,209,207,207,208,211,212,212,212,243]}","{}"
32-02-2017-02-08-00:00_2017-02-08-23:59_Sentinel-2_L2A_True_color.png,201706,"{}",22,11,"{""name"":""polygon"",""all_points_x"":[227,269,262,257,253,250,249,246,243,239,233,226,222,216,212,209,206,202],""all_points_y"":[240,251,266,266,267,264,264,267,267,267,269,270,272,273,275,277,277,276]}","{}"
32-02-2017-02-08-00:00_2017-02-08-23:59_Sentinel-2_L2A_True_color.png,201706,"{}",22,12,"{""name"":""polygon"",""all_points_x"":[215,214,211,210,209,206,206,210],""all_points_y"":[252,251,250,251,253,253,257,259]}","{}"
32-02-2017-02-08-00:00_2017-02-08-23:59_Sentinel-2_L2A_True_color.png,201706,"{}",22,13,"{""name"":""polygon"",""all_points_x"":[213,199,186,182,180,174,193,194,196,198,200,204,207],""all_points_y"":[241,237,233,232,233,255,260,259,257,257,256,252,249]}","{}"
32-02-2017-02-08-00:00_2017-02-08-23:59_Sentinel-2_L2A_True_color.png,201706,"{}",22,14,"{""name"":""polygon"",""all_points_x"":[174,191,191,191,190,188,185,185,186,187,189,190,190,190,191,192,193,193,193,192,190,190,189,187,185,184,181,178,177,177,176,176,176,178,179,180,182,183,183,183,183,179,175,173,172,172,172],""all_points_y"":[258,262,264,266,269,271,271,275,278,279,279,280,282,283,285,286,288,292,294,295,297,299,300,301,301,300,299,298,297,295,292,290,288,286,285,285,284,284,282,280,279,278,277,277,276,273,270]}","{}"
32-02-2017-02-08-00:00_2017-02-08-23:59_Sentinel-2_L2A_True_color.png,201706,"{}",22,15,"{""name"":""polygon"",""all_points_x"":[52,128,125,125,129,133,134,134,133,131,130,130,130,128,128,129,129,122,120,119,115,114,110,110,106,106,100,92,89,88,86,86,82,81,81,81,80,78,75,74,72,70,67,64,63,62,62,60,57,53,52,51,49],""all_points_y"":[203,220,231,233,234,235,236,238,242,243,245,250,254,254,256,259,260,259,258,256,255,254,253,249,249,250,249,246,245,243,242,244,243,241,238,235,230,226,223,222,222,223,223,222,220,217,215,216,217,218,218,215,214]}","{}"
32-02-2017-02-08-00:00_2017-02-08-23:59_Sentinel-2_L2A_True_color.png,201706,"{}",22,16,"{""name"":""polygon"",""all_points_x"":[69,73,76,78,79,80,82,86,88,87,84,90,93,95,97,97,101,107,110,111,112,114,117,119,120,121,120,114,111,108,105,102,99,92,86,82,78],""all_points_y"":[243,251,259,264,267,269,270,270,273,276,278,276,275,274,273,272,273,273,271,270,268,268,268,268,266,266,264,262,262,260,257,256,254,251,251,250,248]}","{}"
32-02-2017-02-08-00:00_2017-02-08-23:59_Sentinel-2_L2A_True_color.png,201706,"{}",22,17,"{""name"":""polygon"",""all_points_x"":[53,69,72,71,71,72,73,74,75,75,76,76,77,78,78,61],""all_points_y"":[199,203,196,194,191,190,189,187,185,182,176,174,171,168,168,162]}","{}"
32-02-2017-02-08-00:00_2017-02-08-23:59_Sentinel-2_L2A_True_color.png,201706,"{}",22,18,"{""name"":""polygon"",""all_points_x"":[224,246,245,240,239,239,235,234,227,220,218,214,217,220,219,215,212,211],""all_points_y"":[149,103,101,99,98,98,97,101,112,121,124,129,133,134,139,142,143,143]}","{}"
32-02-2017-02-08-00:00_2017-02-08-23:59_Sentinel-2_L2A_True_color.png,201706,"{}",22,19,"{""name"":""polygon"",""all_points_x"":[244,275,274,274,268,266,260,256,255,224],""all_points_y"":[96,47,45,43,41,40,35,32,32,85]}","{}"
32-02-2017-02-08-00:00_2017-02-08-23:59_Sentinel-2_L2A_True_color.png,201706,"{}",22,20,"{""name"":""polygon"",""all_points_x"":[184,200,203,209,214,215,220,188],""all_points_y"":[309,305,306,305,303,302,320,320]}","{}"
32-02-2017-02-08-00:00_2017-02-08-23:59_Sentinel-2_L2A_True_color.png,201706,"{}",22,21,"{""name"":""polygon"",""all_points_x"":[165,167,168,172,174,177,178,179,168,165,162,161,159,158,158,158,156,155,155],""all_points_y"":[231,230,229,230,230,230,233,234,275,273,273,274,274,273,270,268,267,267,267]}","{}"
32-03-2017-02-08-00:00_2017-02-08-23:59_Sentinel-2_L2A_True_color.png,200152,"{}",32,0,"{""name"":""polygon"",""all_points_x"":[0,29,28,24,20,14,12,10,6,2,0],""all_points_y"":[112,66,65,65,65,66,66,67,67,67,67]}","{}"
32-03-2017-02-08-00:00_2017-02-08-23:59_Sentinel-2_L2A_True_color.png,200152,"{}",32,1,"{""name"":""polygon"",""all_points_x"":[38,50,53,56,57,55,52,50,48,49,51,51,49,45,44],""all_points_y"":[96,89,87,84,81,80,77,72,69,68,67,63,63,63,63]}","{}"
32-03-2017-02-08-00:00_2017-02-08-23:59_Sentinel-2_L2A_True_color.png,200152,"{}",32,2,"{""name"":""polygon"",""all_points_x"":[35,52,75,76,73,70,67,65,65,64,62,62,64,63,61,61,61,61,50,42,39,38,34,32],""all_points_y"":[178,176,161,158,155,150,145,141,134,128,124,122,120,116,111,106,102,96,91,95,128,129,128,128]}","{}"
32-03-2017-02-08-00:00_2017-02-08-23:59_Sentinel-2_L2A_True_color.png,200152,"{}",32,3,"{""name"":""polygon"",""all_points_x"":[30,29,18,11,4,0,0],""all_points_y"":[145,132,133,133,134,134,147]}","{}"
32-03-2017-02-08-00:00_2017-02-08-23:59_Sentinel-2_L2A_True_color.png,200152,"{}",32,4,"{""name"":""polygon"",""all_points_x"":[82,82,79,78,78,82,86,89,88,61,44,36,35,36,39,43,47,51,54,57,65,70,75,78,80,81],""all_points_y"":[186,190,192,197,203,209,215,218,219,219,220,219,216,208,199,192,188,188,186,186,186,186,186,186,183,185]}","{}"
32-03-2017-02-08-00:00_2017-02-08-23:59_Sentinel-2_L2A_True_color.png,200152,"{}",32,5,"{""name"":""polygon"",""all_points_x"":[103,109,111,115,119,122,122,123,146,146,146,146,147,146,144,145,146,145,144,110,108,106],""all_points_y"":[218,219,216,213,212,213,216,218,217,214,205,198,194,191,188,184,182,179,176,171,171,175]}","{}"
32-03-2017-02-08-00:00_2017-02-08-23:59_Sentinel-2_L2A_True_color.png,200152,"{}",32,6,"{""name"":""polygon"",""all_points_x"":[145,145,143,141,137,135,134,136,138,141,145,147,149,153,160,164,159,143,141,141,142,145,157,158,155,149,140,137,136,135,133,136,135,133,132,130,125,115,114,115,115,114,83,85,89,89,91,93,94,94,95,95],""all_points_y"":[220,226,237,246,258,269,273,275,272,252,235,225,220,219,219,219,256,259,261,264,266,266,264,265,290,290,289,289,291,293,293,282,280,280,288,294,293,292,291,287,284,284,281,271,261,255,246,238,235,230,225,221]}","{}"
32-03-2017-02-08-00:00_2017-02-08-23:59_Sentinel-2_L2A_True_color.png,200152,"{}",32,7,"{""name"":""polygon"",""all_points_x"":[147,148,147,147,148,149,148,148,148,164,169,170,171,171,172,175,179,182,184,183,183,181,177,172,169,165,194,193,147],""all_points_y"":[176,181,187,192,196,201,208,215,217,216,189,187,183,181,178,178,178,178,180,184,188,188,189,188,189,216,214,173,176]}","{}"
32-03-2017-02-08-00:00_2017-02-08-23:59_Sentinel-2_L2A_True_color.png,200152,"{}",32,8,"{""name"":""polygon"",""all_points_x"":[196,226,224,217,212,210,207,202,198,197],""all_points_y"":[175,174,207,208,210,214,214,214,212,209]}","{}"
32-03-2017-02-08-00:00_2017-02-08-23:59_Sentinel-2_L2A_True_color.png,200152,"{}",32,9,"{""name"":""polygon"",""all_points_x"":[205,204,201,200,200,193,192,191,190,189,190,188,185,182,178,171,169,169,165,156,155,160,160,161,160,164],""all_points_y"":[218,225,234,236,238,268,271,274,277,279,281,288,299,310,309,306,305,303,303,300,300,270,263,257,256,219]}","{}"
32-03-2017-02-08-00:00_2017-02-08-23:59_Sentinel-2_L2A_True_color.png,200152,"{}",32,10,"{""name"":""polygon"",""all_points_x"":[306,305,304,304,304,319,319],""all_points_y"":[230,235,241,245,247,246,230]}","{}"
32-03-2017-02-08-00:00_2017-02-08-23:59_Sentinel-2_L2A_True_color.png,200152,"{}",32,11,"{""name"":""polygon"",""all_points_x"":[307,312,317,319,319,318,316,314,312,311,310,307],""all_points_y"":[227,227,227,227,213,213,213,214,213,212,215,223]}","{}"
32-03-2017-02-08-00:00_2017-02-08-23:59_Sentinel-2_L2A_True_color.png,200152,"{}",32,12,"{""name"":""polygon"",""all_points_x"":[238,247,252,255,257,258,257,257,257,257,257,257,256,253,249,247,246,242,239,238,238,239,234],""all_points_y"":[170,169,169,167,165,163,160,155,150,146,144,138,136,136,137,138,141,141,139,136,134,133,133]}","{}"
32-03-2017-02-08-00:00_2017-02-08-23:59_Sentinel-2_L2A_True_color.png,200152,"{}",32,13,"{""name"":""polygon"",""all_points_x"":[148,148,194,194,192,192,193,194,196,196,196,196,196,193,191,189,189,186,179,173,168,162,154,149],""all_points_y"":[172,173,171,170,167,162,156,152,151,147,138,132,130,130,136,142,146,151,154,159,164,167,170,172]}","{}"
32-03-2017-02-08-00:00_2017-02-08-23:59_Sentinel-2_L2A_True_color.png,200152,"{}",32,14,"{""name"":""polygon"",""all_points_x"":[144,145,144,144,144,145,145,146,133,121,112,109,108,106,106,107,107,109,110,110,112,112,113],""all_points_y"":[133,138,145,148,150,156,162,173,172,171,170,170,167,163,158,152,148,145,142,140,138,134,133]}","{}"
32-03-2017-02-08-00:00_2017-02-08-23:59_Sentinel-2_L2A_True_color.png,200152,"{}",32,15,"{""name"":""polygon"",""all_points_x"":[319,313,305,298,284,275,265,261,261,262,264,266,269,271,273,276,281,287,295,304,312,319],""all_points_y"":[124,125,125,127,127,127,127,127,131,134,136,137,139,143,145,147,147,148,149,147,146,144]}","{}"
32-03-2017-02-08-00:00_2017-02-08-23:59_Sentinel-2_L2A_True_color.png,200152,"{}",32,16,"{""name"":""polygon"",""all_points_x"":[319,319,309,304,297,292,285,282,279,276,273,269,267,267,264,262,260,260,262],""all_points_y"":[156,145,148,149,151,151,150,149,149,149,148,145,142,141,139,138,136,155,158]}","{}"
32-03-2017-02-08-00:00_2017-02-08-23:59_Sentinel-2_L2A_True_color.png,200152,"{}",32,17,"{""name"":""polygon"",""all_points_x"":[260,260,262,262,263,263,317,317],""all_points_y"":[170,168,166,164,161,160,158,166]}","{}"
32-03-2017-02-08-00:00_2017-02-08-23:59_Sentinel-2_L2A_True_color.png,200152,"{}",32,18,"{""name"":""polygon"",""all_points_x"":[263,268,274,277,278,278,278,277,277,277,273,270,268,264,264],""all_points_y"":[194,194,194,193,197,202,206,208,210,211,211,211,211,211,211]}","{}"
32-03-2017-02-08-00:00_2017-02-08-23:59_Sentinel-2_L2A_True_color.png,200152,"{}",32,19,"{""name"":""polygon"",""all_points_x"":[219,219,219,225,230,234,239,245,246,250,255,255,256,255,255,255],""all_points_y"":[0,4,7,7,9,10,12,14,15,16,17,13,10,7,3,0]}","{}"
32-03-2017-02-08-00:00_2017-02-08-23:59_Sentinel-2_L2A_True_color.png,200152,"{}",32,20,"{""name"":""polygon"",""all_points_x"":[257,261,266,269,275,282,283,283,284,284,281,276,273,270,266,264,261,258,257,256],""all_points_y"":[36,36,36,34,34,34,29,27,26,23,23,21,20,18,18,18,18,18,23,26]}","{}"
32-03-2017-02-08-00:00_2017-02-08-23:59_Sentinel-2_L2A_True_color.png,200152,"{}",32,21,"{""name"":""polygon"",""all_points_x"":[198,198,198,197,197,197,196,216,216,215,218,222,228,238,245,252,255,254,254,251,248,247,246,247,250,252,254,254,254],""all_points_y"":[44,37,25,14,8,3,0,0,4,7,10,11,12,15,18,19,19,23,25,26,25,26,30,33,36,37,37,41,44]}","{}"
32-03-2017-02-08-00:00_2017-02-08-23:59_Sentinel-2_L2A_True_color.png,200152,"{}",32,22,"{""name"":""polygon"",""all_points_x"":[289,288,288,288,286,285,285,287,287,287,283,301,301,301,301,306,308,308,308,308,308,308],""all_points_y"":[41,39,36,33,33,31,26,19,15,12,0,0,7,13,18,19,19,24,27,32,36,36]}","{}"
32-03-2017-02-08-00:00_2017-02-08-23:59_Sentinel-2_L2A_True_color.png,200152,"{}",32,23,"{""name"":""polygon"",""all_points_x"":[226,232,238,244,249,255,256,256,251,247,246,247,248,248,244,242,238,236,236,233,228],""all_points_y"":[48,48,48,48,48,48,53,66,66,67,70,72,75,78,78,79,80,82,83,83,82]}","{}"
32-03-2017-02-08-00:00_2017-02-08-23:59_Sentinel-2_L2A_True_color.png,200152,"{}",32,24,"{""name"":""polygon"",""all_points_x"":[232,254,255,255,255,255,257,257,256,254,253,253,251,251,238,236,233],""all_points_y"":[85,84,86,95,102,105,111,119,120,120,123,122,121,118,119,119,119]}","{}"
32-03-2017-02-08-00:00_2017-02-08-23:59_Sentinel-2_L2A_True_color.png,200152,"{}",32,25,"{""name"":""polygon"",""all_points_x"":[257,261,262,277,276,276,276,276,276,276,277,277,278,278,271,265,264,263,262,261,259],""all_points_y"":[49,49,49,63,65,70,79,88,94,100,107,116,120,123,123,124,119,115,111,110,109]}","{}"
32-03-2017-02-08-00:00_2017-02-08-23:59_Sentinel-2_L2A_True_color.png,200152,"{}",32,26,"{""name"":""polygon"",""all_points_x"":[193,193,193,194,194,194,195,140,129,120,118,117,118,123,126,131,131,136,140,143,143,144,144,146,148,146,144],""all_points_y"":[87,92,96,101,109,116,125,128,128,127,126,123,120,116,112,112,108,103,103,102,101,100,96,95,94,92,90]}","{}"
32-03-2017-02-08-00:00_2017-02-08-23:59_Sentinel-2_L2A_True_color.png,200152,"{}",32,27,"{""name"":""polygon"",""all_points_x"":[184,184,182,167,156,149,142,138,137,139,139,147,152,155,155,155,155,157,160,163,165,167,166,174,177,177],""all_points_y"":[55,85,86,88,88,88,88,88,88,85,83,78,76,76,72,69,65,65,64,61,56,52,49,49,49,54]}","{}"
32-03-2017-02-08-00:00_2017-02-08-23:59_Sentinel-2_L2A_True_color.png,200152,"{}",32,28,"{""name"":""polygon"",""all_points_x"":[163,162,163,165,163,162,160,160,161,161,163,165,169,171,173,144,141,140,139,138,136,133,133,134,134,134,134,138,144,149,150,150,151,152,154,156,157,157,158],""all_points_y"":[40,40,37,34,29,24,18,14,13,10,9,7,5,2,0,1,4,8,9,14,14,14,19,22,24,26,28,29,31,33,33,31,29,29,30,34,37,38,40]}","{}"
32-03-2017-02-08-00:00_2017-02-08-23:59_Sentinel-2_L2A_True_color.png,200152,"{}",32,29,"{""name"":""polygon"",""all_points_x"":[182,183,183,181,178,176,176,176,177,178,180,181,181,182,183,183,183,184,181,178,176,177,177,176,172,171,169,167,165,163,165,166,165,164,164,165,166,167,168,170,171,171,169,168,166,165,166,167,168,168,170,170,170,174,176,177],""all_points_y"":[45,44,41,41,40,37,34,30,28,27,27,25,26,26,26,18,16,14,14,14,10,7,4,3,4,4,7,8,11,10,12,13,15,16,20,21,23,28,30,31,31,33,33,36,36,37,40,41,44,45,45,43,41,42,42,45]}","{}"
32-03-2017-02-08-00:00_2017-02-08-23:59_Sentinel-2_L2A_True_color.png,200152,"{}",32,30,"{""name"":""polygon"",""all_points_x"":[184,182,181,179,179,179,179,185],""all_points_y"":[9,11,11,7,4,2,0,0]}","{}"
32-03-2017-02-08-00:00_2017-02-08-23:59_Sentinel-2_L2A_True_color.png,200152,"{}",32,31,"{""name"":""polygon"",""all_points_x"":[300,319,319,303],""all_points_y"":[266,266,246,248]}","{}"
32-04-2017-02-08-00:00_2017-02-08-23:59_Sentinel-2_L2A_True_color.png,191046,"{}",22,0,"{""name"":""polygon"",""all_points_x"":[105,147,147,146,143,143,129,120,108,94,85,83,84,84,85,92,98,104,105],""all_points_y"":[253,251,232,230,227,224,224,224,224,226,226,226,238,242,242,243,243,243,243]}","{}"
32-04-2017-02-08-00:00_2017-02-08-23:59_Sentinel-2_L2A_True_color.png,191046,"{}",22,1,"{""name"":""polygon"",""all_points_x"":[81,82,82,82,83,83,83,83,83,94,108,143,151,150,148,148,145,143,141,140,140,139,137,134,132],""all_points_y"":[169,192,198,204,211,215,219,223,225,226,224,224,222,215,207,203,197,188,182,176,172,168,166,165,164]}","{}"
32-04-2017-02-08-00:00_2017-02-08-23:59_Sentinel-2_L2A_True_color.png,191046,"{}",22,2,"{""name"":""polygon"",""all_points_x"":[80,80,113,117,121,125,132,137,134,134,130,121,115],""all_points_y"":[150,167,164,163,164,164,163,163,148,145,144,144,143]}","{}"
32-04-2017-02-08-00:00_2017-02-08-23:59_Sentinel-2_L2A_True_color.png,191046,"{}",22,3,"{""name"":""polygon"",""all_points_x"":[140,139,140,141,141,143,162,164,164,163,161,161,161,161,163,172,172,172,170,170,163,163,163,163],""all_points_y"":[152,154,156,161,162,163,163,164,168,171,172,175,178,179,180,179,155,149,145,143,143,146,149,152]}","{}"
32-04-2017-02-08-00:00_2017-02-08-23:59_Sentinel-2_L2A_True_color.png,191046,"{}",22,4,"{""name"":""polygon"",""all_points_x"":[182,183,183,183,184,184,185,186,186,181,177,174,173,172,172,172],""all_points_y"":[143,144,150,155,162,168,172,175,177,177,178,178,178,149,146,143]}","{}"
32-04-2017-02-08-00:00_2017-02-08-23:59_Sentinel-2_L2A_True_color.png,191046,"{}",22,5,"{""name"":""polygon"",""all_points_x"":[164,177,178,183,184,184,181,179,179,179,182,183,184,184,183,184,188,191,195,196,200,204,205,199,198,199,205,206,208,195,182,173,164,159,150,150,153,154,155,150,148,147,144,144,144,145,149,151,153,154,154,153,152,156,159,161,164,165,167,169,169,170,169,169,170,168,166,165],""all_points_y"":[182,181,182,199,204,206,207,207,210,211,210,210,213,215,218,220,221,222,221,223,222,222,226,226,227,229,229,230,249,250,250,251,250,250,251,235,235,234,232,231,231,229,228,226,224,224,223,222,222,221,217,213,210,210,211,211,210,210,213,214,214,213,211,209,208,206,204,202]}","{}"
32-04-2017-02-08-00:00_2017-02-08-23:59_Sentinel-2_L2A_True_color.png,191046,"{}",22,6,"{""name"":""polygon"",""all_points_x"":[203,207,208,207,208,214,217,218,218,213],""all_points_y"":[188,201,206,209,214,214,213,212,208,186]}","{}"
32-04-2017-02-08-00:00_2017-02-08-23:59_Sentinel-2_L2A_True_color.png,191046,"{}",22,7,"{""name"":""polygon"",""all_points_x"":[195,193,193,192,192,197,198,205,207,207,207,206],""all_points_y"":[209,209,211,214,219,219,222,221,220,215,213,208]}","{}"
32-04-2017-02-08-00:00_2017-02-08-23:59_Sentinel-2_L2A_True_color.png,191046,"{}",22,8,"{""name"":""polygon"",""all_points_x"":[70,71,0,0],""all_points_y"":[206,223,228,211]}","{}"
32-04-2017-02-08-00:00_2017-02-08-23:59_Sentinel-2_L2A_True_color.png,191046,"{}",22,9,"{""name"":""polygon"",""all_points_x"":[12,14,12,0,0],""all_points_y"":[208,191,191,192,208]}","{}"
32-04-2017-02-08-00:00_2017-02-08-23:59_Sentinel-2_L2A_True_color.png,191046,"{}",22,10,"{""name"":""polygon"",""all_points_x"":[80,80,79,78,80,78,78,75,73,70,69,69,68,67,66,0,0],""all_points_y"":[270,266,258,255,254,253,253,252,252,249,241,238,237,234,230,233,273]}","{}"
32-04-2017-02-08-00:00_2017-02-08-23:59_Sentinel-2_L2A_True_color.png,191046,"{}",22,11,"{""name"":""polygon"",""all_points_x"":[34,36,71,71,71,70],""all_points_y"":[274,281,280,278,275,272]}","{}"
32-04-2017-02-08-00:00_2017-02-08-23:59_Sentinel-2_L2A_True_color.png,191046,"{}",22,12,"{""name"":""polygon"",""all_points_x"":[19,19,17,16,15,1,0,13,39,70,70,71,74,63,55],""all_points_y"":[167,168,168,175,178,181,189,187,188,173,171,169,169,164,164]}","{}"
32-04-2017-02-08-00:00_2017-02-08-23:59_Sentinel-2_L2A_True_color.png,191046,"{}",22,13,"{""name"":""polygon"",""all_points_x"":[79,96,96,96,94,79],""all_points_y"":[132,131,123,118,116,116]}","{}"
32-04-2017-02-08-00:00_2017-02-08-23:59_Sentinel-2_L2A_True_color.png,191046,"{}",22,14,"{""name"":""polygon"",""all_points_x"":[138,151,150,137],""all_points_y"":[282,282,270,270]}","{}"
32-04-2017-02-08-00:00_2017-02-08-23:59_Sentinel-2_L2A_True_color.png,191046,"{}",22,15,"{""name"":""polygon"",""all_points_x"":[111,122,123,123,124,129,134,134,112,110,112,112,111],""all_points_y"":[271,270,274,278,280,280,280,283,283,282,278,275,271]}","{}"
32-04-2017-02-08-00:00_2017-02-08-23:59_Sentinel-2_L2A_True_color.png,191046,"{}",22,16,"{""name"":""polygon"",""all_points_x"":[200,202,203,203,203,234,235,234,234],""all_points_y"":[291,297,301,305,308,308,303,298,289]}","{}"
32-04-2017-02-08-00:00_2017-02-08-23:59_Sentinel-2_L2A_True_color.png,191046,"{}",22,17,"{""name"":""polygon"",""all_points_x"":[306,304,303,300,299,261,320,319,308,308],""all_points_y"":[315,317,311,307,305,305,275,305,310,312]}","{}"
32-04-2017-02-08-00:00_2017-02-08-23:59_Sentinel-2_L2A_True_color.png,191046,"{}",22,18,"{""name"":""polygon"",""all_points_x"":[253,252,258,257,257,257,258,258,257,257,257,258,248,252],""all_points_y"":[285,285,285,274,260,251,249,237,234,227,222,218,219,282]}","{}"
32-04-2017-02-08-00:00_2017-02-08-23:59_Sentinel-2_L2A_True_color.png,191046,"{}",22,19,"{""name"":""polygon"",""all_points_x"":[246,244,231,231,230,232],""all_points_y"":[138,119,120,133,136,139]}","{}"
32-04-2017-02-08-00:00_2017-02-08-23:59_Sentinel-2_L2A_True_color.png,191046,"{}",22,20,"{""name"":""polygon"",""all_points_x"":[226,233,241,243,245,238,232,229],""all_points_y"":[60,58,57,57,106,107,107,107]}","{}"
32-04-2017-02-08-00:00_2017-02-08-23:59_Sentinel-2_L2A_True_color.png,191046,"{}",22,21,"{""name"":""polygon"",""all_points_x"":[221,231,233,233,233,232,222,220,221],""all_points_y"":[239,239,238,235,231,229,229,230,238]}","{}"
32-05-2017-02-08-00:00_2017-02-08-23:59_Sentinel-2_L2A_True_color.png,195819,"{}",10,0,"{""name"":""polygon"",""all_points_x"":[52,52,51,50,50,50,54,57,57,61,62,62,64,67,68,68,68,74,75,76,77,77,77,77,77,77,78,82,82],""all_points_y"":[73,76,81,84,87,92,93,93,94,94,92,90,89,89,90,92,93,93,93,92,92,90,88,86,84,81,81,81,75]}","{}"
32-05-2017-02-08-00:00_2017-02-08-23:59_Sentinel-2_L2A_True_color.png,195819,"{}",10,1,"{""name"":""polygon"",""all_points_x"":[82,52,56,58,81],""all_points_y"":[73,71,59,53,54]}","{}"
32-05-2017-02-08-00:00_2017-02-08-23:59_Sentinel-2_L2A_True_color.png,195819,"{}",10,2,"{""name"":""polygon"",""all_points_x"":[81,59,61,64,65,71,71,73,74,79],""all_points_y"":[51,51,41,33,29,28,29,29,28,28]}","{}"
32-05-2017-02-08-00:00_2017-02-08-23:59_Sentinel-2_L2A_True_color.png,195819,"{}",10,3,"{""name"":""polygon"",""all_points_x"":[86,95,108,120,130,133,143,143,116,111,107,104,99,95,92,87,85],""all_points_y"":[45,39,30,20,13,11,9,0,0,6,12,15,18,22,23,27,27]}","{}"
32-05-2017-02-08-00:00_2017-02-08-23:59_Sentinel-2_L2A_True_color.png,195819,"{}",10,4,"{""name"":""polygon"",""all_points_x"":[87,86,132,142,144,141,135,132,131,130,129,128,128],""all_points_y"":[65,48,14,12,43,44,45,46,45,44,44,46,47]}","{}"
32-05-2017-02-08-00:00_2017-02-08-23:59_Sentinel-2_L2A_True_color.png,195819,"{}",10,5,"{""name"":""polygon"",""all_points_x"":[87,88,89,117,118,122,125,126,126,129,131,134,134,136,136,136,137,139,140,139,139,141,144,145,144,130],""all_points_y"":[68,91,91,87,86,86,86,86,83,81,81,82,83,83,81,81,79,79,78,77,75,73,73,73,46,49]}","{}"
32-05-2017-02-08-00:00_2017-02-08-23:59_Sentinel-2_L2A_True_color.png,195819,"{}",10,6,"{""name"":""polygon"",""all_points_x"":[202,204,210,213,220,227,230,257,258,259,260,259,259,260,261,261,260,262,268,273,279,283,284,285,283,283,284,284,284,281,279,277,272,271,269,269,266,262,261,260,260,260,260,219,218,217,217,217,217,218,216,213,210,208,207,205,205,206,206,206,206,203,203,204],""all_points_y"":[127,128,128,127,126,126,124,123,123,123,127,128,130,131,136,139,140,143,143,144,144,144,144,149,151,154,156,160,162,161,161,160,160,159,159,167,167,167,166,163,160,157,154,157,157,160,164,167,170,172,173,173,174,174,173,173,171,170,170,170,167,162,159,157]}","{}"
32-05-2017-02-08-00:00_2017-02-08-23:59_Sentinel-2_L2A_True_color.png,195819,"{}",10,7,"{""name"":""polygon"",""all_points_x"":[90,97,104,111,115,116,116,117,118,118,116,110,105,99,92,90],""all_points_y"":[233,233,232,231,230,226,224,224,224,222,221,218,216,216,216,216]}","{}"
32-05-2017-02-08-00:00_2017-02-08-23:59_Sentinel-2_L2A_True_color.png,195819,"{}",10,8,"{""name"":""polygon"",""all_points_x"":[206,314,316,208],""all_points_y"":[301,293,311,316]}","{}"
32-05-2017-02-08-00:00_2017-02-08-23:59_Sentinel-2_L2A_True_color.png,195819,"{}",10,9,"{""name"":""polygon"",""all_points_x"":[259,258,207,207],""all_points_y"":[278,295,298,284]}","{}"
32-06-2017-02-08-00:00_2017-02-08-23:59_Sentinel-2_L2A_True_color.png,202268,"{}",28,0,"{""name"":""polygon"",""all_points_x"":[186,245,247,246,244,235,204,188,188,189,191,192,192,192,190,188,188,187],""all_points_y"":[103,98,186,190,191,196,212,197,139,138,138,138,136,135,135,136,136,135]}","{}"
32-06-2017-02-08-00:00_2017-02-08-23:59_Sentinel-2_L2A_True_color.png,202268,"{}",28,1,"{""name"":""polygon"",""all_points_x"":[190,202,188,188,189],""all_points_y"":[220,213,199,214,220]}","{}"
32-06-2017-02-08-00:00_2017-02-08-23:59_Sentinel-2_L2A_True_color.png,202268,"{}",28,2,"{""name"":""polygon"",""all_points_x"":[250,287,287,287,287,254,252,251,248],""all_points_y"":[168,169,166,164,158,158,161,162,162]}","{}"
32-06-2017-02-08-00:00_2017-02-08-23:59_Sentinel-2_L2A_True_color.png,202268,"{}",28,3,"{""name"":""polygon"",""all_points_x"":[250,250,251,250,250,252,252,257,258,257,257,259,260,261,263,264,265,266,266,267,269,271,271,271,271,271,273,274,275,276,278,279,279,278,278,276,276,279,282,284,286,287,288,288,287,286,282,280,278,277,270,270,268,267,266,265,265,263,262,261],""all_points_y"":[187,189,192,199,204,205,205,204,203,200,197,197,201,203,203,203,205,205,202,201,201,201,201,199,198,195,195,195,196,197,198,199,198,197,195,193,191,189,187,189,192,195,188,185,184,183,183,184,184,183,184,185,185,184,184,185,186,186,185,185]}","{}"
32-06-2017-02-08-00:00_2017-02-08-23:59_Sentinel-2_L2A_True_color.png,202268,"{}",28,4,"{""name"":""polygon"",""all_points_x"":[240,226,216,212,208,201,199,201,203,204,216,244,244],""all_points_y"":[209,216,220,223,224,228,230,232,236,238,231,217,216]}","{}"
32-06-2017-02-08-00:00_2017-02-08-23:59_Sentinel-2_L2A_True_color.png,202268,"{}",28,5,"{""name"":""polygon"",""all_points_x"":[159,159,162,163,163,162,160,157,155,155,155,157,156,156,134,133,132,132,134,132,131,131,131,131,135,136,144,147,148,148,149,149,157,158,182,187,187,187,186,187,187,187,187,186,186,186,188,188,186,186,187,187,187,188,187],""all_points_y"":[260,254,253,251,247,245,245,246,247,250,252,253,259,262,273,274,258,251,249,247,245,240,235,232,232,232,230,230,229,227,225,225,223,222,216,215,218,219,221,222,223,225,226,226,229,231,232,233,234,237,237,240,241,244,246]}","{}"
32-06-2017-02-08-00:00_2017-02-08-23:59_Sentinel-2_L2A_True_color.png,202268,"{}",28,6,"{""name"":""polygon"",""all_points_x"":[183,192,194,208,207,206,204,202,201],""all_points_y"":[254,249,253,279,281,285,287,289,289]}","{}"
32-06-2017-02-08-00:00_2017-02-08-23:59_Sentinel-2_L2A_True_color.png,202268,"{}",28,7,"{""name"":""polygon"",""all_points_x"":[123,123,79,79],""all_points_y"":[150,136,137,149]}","{}"
32-06-2017-02-08-00:00_2017-02-08-23:59_Sentinel-2_L2A_True_color.png,202268,"{}",28,8,"{""name"":""polygon"",""all_points_x"":[123,123,78,78],""all_points_y"":[134,121,123,135]}","{}"
32-06-2017-02-08-00:00_2017-02-08-23:59_Sentinel-2_L2A_True_color.png,202268,"{}",28,9,"{""name"":""polygon"",""all_points_x"":[121,122,77,77],""all_points_y"":[104,118,121,107]}","{}"
32-06-2017-02-08-00:00_2017-02-08-23:59_Sentinel-2_L2A_True_color.png,202268,"{}",28,10,"{""name"":""polygon"",""all_points_x"":[76,76,78,122,121],""all_points_y"":[89,102,105,103,87]}","{}"
32-06-2017-02-08-00:00_2017-02-08-23:59_Sentinel-2_L2A_True_color.png,202268,"{}",28,11,"{""name"":""polygon"",""all_points_x"":[75,76,121,121],""all_points_y"":[72,87,86,71]}","{}"
32-06-2017-02-08-00:00_2017-02-08-23:59_Sentinel-2_L2A_True_color.png,202268,"{}",28,12,"{""name"":""polygon"",""all_points_x"":[75,75,75,121,121,90],""all_points_y"":[52,55,70,69,57,54]}","{}"
32-06-2017-02-08-00:00_2017-02-08-23:59_Sentinel-2_L2A_True_color.png,202268,"{}",28,13,"{""name"":""polygon"",""all_points_x"":[182,182,180,172,167,166,166,166,166,166,166,166,170,173,176,181,182,183,184,184,182,183,183],""all_points_y"":[124,124,123,124,123,126,130,132,135,139,142,146,146,146,146,145,145,144,141,139,136,134,133]}","{}"
32-06-2017-02-08-00:00_2017-02-08-23:59_Sentinel-2_L2A_True_color.png,202268,"{}",28,14,"{""name"":""polygon"",""all_points_x"":[248,248,248,250,286,286,286,285],""all_points_y"":[138,141,144,144,144,142,139,138]}","{}"
32-06-2017-02-08-00:00_2017-02-08-23:59_Sentinel-2_L2A_True_color.png,202268,"{}",28,15,"{""name"":""polygon"",""all_points_x"":[218,220,222,226,229,231,234,237,240,241,243,244,247,245,245,240,236,234,227,225],""all_points_y"":[236,238,243,249,256,260,258,256,255,251,250,249,249,248,247,237,231,227,231,231]}","{}"
32-06-2017-02-08-00:00_2017-02-08-23:59_Sentinel-2_L2A_True_color.png,202268,"{}",28,16,"{""name"":""polygon"",""all_points_x"":[132,135,133,134,134,133,132,131,130,130,89,88,84,82,79,73,69,65,63,61,101,102,123,124,125,129,129,129,129,128,130,132],""all_points_y"":[299,298,295,293,293,290,289,286,284,282,303,305,305,305,308,310,312,314,315,317,317,320,320,315,312,312,311,308,303,301,299,299]}","{}"
32-06-2017-02-08-00:00_2017-02-08-23:59_Sentinel-2_L2A_True_color.png,202268,"{}",28,17,"{""name"":""polygon"",""all_points_x"":[36,36,35,34,1,2,3,4,4,4,4],""all_points_y"":[320,306,304,301,302,304,307,311,314,318,320]}","{}"
32-06-2017-02-08-00:00_2017-02-08-23:59_Sentinel-2_L2A_True_color.png,202268,"{}",28,18,"{""name"":""polygon"",""all_points_x"":[9,10,10,10,9,8,6,0,0,8,10],""all_points_y"":[261,255,248,243,242,242,241,241,262,262,260]}","{}"
32-06-2017-02-08-00:00_2017-02-08-23:59_Sentinel-2_L2A_True_color.png,202268,"{}",28,19,"{""name"":""polygon"",""all_points_x"":[23,23,23,27,33,35,35,35,34,29,24],""all_points_y"":[242,250,252,252,252,250,247,242,241,241,241]}","{}"
32-06-2017-02-08-00:00_2017-02-08-23:59_Sentinel-2_L2A_True_color.png,202268,"{}",28,20,"{""name"":""polygon"",""all_points_x"":[10,15,18,21,21,19,14,9,5,5],""all_points_y"":[227,227,226,225,224,218,200,199,199,201]}","{}"
32-06-2017-02-08-00:00_2017-02-08-23:59_Sentinel-2_L2A_True_color.png,202268,"{}",28,21,"{""name"":""polygon"",""all_points_x"":[53,54,60,60,59,59,59,59,58,59,60,59,51,52,52,52,52,52],""all_points_y"":[296,297,297,291,286,285,282,280,264,262,248,233,233,277,283,285,287,288]}","{}"
32-06-2017-02-08-00:00_2017-02-08-23:59_Sentinel-2_L2A_True_color.png,202268,"{}",28,22,"{""name"":""polygon"",""all_points_x"":[81,81,81,65,64,64,64],""all_points_y"":[233,238,241,242,240,236,233]}","{}"
32-06-2017-02-08-00:00_2017-02-08-23:59_Sentinel-2_L2A_True_color.png,202268,"{}",28,23,"{""name"":""polygon"",""all_points_x"":[129,149,150,149,149,129],""all_points_y"":[148,147,153,158,160,160]}","{}"
32-06-2017-02-08-00:00_2017-02-08-23:59_Sentinel-2_L2A_True_color.png,202268,"{}",28,24,"{""name"":""polygon"",""all_points_x"":[32,31,31,28,31,39,43,46,46,46,47,47],""all_points_y"":[152,149,144,73,71,70,70,101,117,126,137,151]}","{}"
32-06-2017-02-08-00:00_2017-02-08-23:59_Sentinel-2_L2A_True_color.png,202268,"{}",28,25,"{""name"":""polygon"",""all_points_x"":[47,44,42,43,44,48,73,73,71],""all_points_y"":[49,50,50,62,64,64,64,53,52]}","{}"
32-06-2017-02-08-00:00_2017-02-08-23:59_Sentinel-2_L2A_True_color.png,202268,"{}",28,26,"{""name"":""polygon"",""all_points_x"":[72,44,45,74],""all_points_y"":[66,67,82,81]}","{}"
32-06-2017-02-08-00:00_2017-02-08-23:59_Sentinel-2_L2A_True_color.png,202268,"{}",28,27,"{""name"":""polygon"",""all_points_x"":[74,45,46,75],""all_points_y"":[84,84,99,98]}","{}"
32-07-2017-02-08-00:00_2017-02-08-23:59_Sentinel-2_L2A_True_color.png,202706,"{}",24,0,"{""name"":""polygon"",""all_points_x"":[19,18,18,18,18,18,18,17,44,45,47,49,50,52,53,54,54,56,57],""all_points_y"":[84,85,91,101,103,105,106,124,144,141,134,129,126,121,118,115,114,113,113]}","{}"
32-07-2017-02-08-00:00_2017-02-08-23:59_Sentinel-2_L2A_True_color.png,202706,"{}",24,1,"{""name"":""polygon"",""all_points_x"":[85,86,83,82,79,77,75,74,71,69,67,64,60,51,46,46,48,49,51,52,54,54,55,57,58],""all_points_y"":[135,137,144,149,156,163,165,165,163,162,162,159,157,149,147,144,140,134,129,124,121,117,115,114,114]}","{}"
32-07-2017-02-08-00:00_2017-02-08-23:59_Sentinel-2_L2A_True_color.png,202706,"{}",24,2,"{""name"":""polygon"",""all_points_x"":[13,12,11,7,4,4,6,6,7,8,17,18,17,17,18,18,18,18],""all_points_y"":[78,80,81,86,88,92,94,94,114,117,124,105,105,102,102,101,84,83]}","{}"
32-07-2017-02-08-00:00_2017-02-08-23:59_Sentinel-2_L2A_True_color.png,202706,"{}",24,3,"{""name"":""polygon"",""all_points_x"":[77,79,82,83,86,88,90,92,93,94,96,98,98,99,100,102,104,105,107,97,95,93,90,88,88,87,86,73,71,70,68,69,70],""all_points_y"":[55,57,58,58,60,61,63,63,66,67,67,68,69,70,70,72,73,74,75,104,103,103,101,99,98,96,96,86,85,84,84,81,77]}","{}"
32-07-2017-02-08-00:00_2017-02-08-23:59_Sentinel-2_L2A_True_color.png,202706,"{}",24,4,"{""name"":""polygon"",""all_points_x"":[109,99,114,114,113,111,110,109,109,109,109,110,111,111],""all_points_y"":[78,107,117,113,107,99,96,91,88,85,82,80,79,78]}","{}"
32-07-2017-02-08-00:00_2017-02-08-23:59_Sentinel-2_L2A_True_color.png,202706,"{}",24,5,"{""name"":""polygon"",""all_points_x"":[114,112,112,111,112,113,115,116,117,117,116,117,119,120,120,122,123,123,124,125,140],""all_points_y"":[81,83,88,90,95,101,105,109,113,118,119,121,122,125,130,133,137,140,144,146,101]}","{}"
32-07-2017-02-08-00:00_2017-02-08-23:59_Sentinel-2_L2A_True_color.png,202706,"{}",24,6,"{""name"":""polygon"",""all_points_x"":[89,87,85,84,83,83,80,79,79,78,76,75,74,91,95,100,104,106,109,113,115,117,117,119,120,121,121,121,109,108,105,103,104,101,100,98,98,97,96,95,91,91],""all_points_y"":[139,139,146,150,152,154,161,163,165,166,172,177,178,181,181,182,183,182,178,173,170,169,167,166,165,165,164,163,153,154,152,150,149,147,147,146,145,144,144,144,141,139]}","{}"
32-07-2017-02-08-00:00_2017-02-08-23:59_Sentinel-2_L2A_True_color.png,202706,"{}",24,7,"{""name"":""polygon"",""all_points_x"":[102,101,100,98,96,95,94,94,96,98,99,100,101,103,104,105,109,110,113,115,119,122,124,126,126,127,127,127,131,134,134,133,131,126,123,120,119,119,119,116,114,112,112,111,110,109],""all_points_y"":[217,218,222,226,232,234,238,240,241,242,242,244,245,245,248,250,251,251,250,249,249,249,251,253,255,257,259,260,257,252,250,249,249,247,245,243,241,240,239,238,236,230,227,225,222,221]}","{}"
32-07-2017-02-08-00:00_2017-02-08-23:59_Sentinel-2_L2A_True_color.png,202706,"{}",24,8,"{""name"":""polygon"",""all_points_x"":[60,65,70,75,77,78,80,83,84,85,88,90,92,93,93,94,96,96,96,97,99,99,100,101,101,91,82,75,66,65,64,63,62,62,64,67,71,75,78,77,68,66,63,60],""all_points_y"":[220,229,236,241,245,244,244,246,246,246,242,241,240,239,235,234,232,229,228,226,224,222,220,218,217,213,209,207,204,204,207,212,216,218,221,226,228,230,232,232,228,225,222,219]}","{}"
32-07-2017-02-08-00:00_2017-02-08-23:59_Sentinel-2_L2A_True_color.png,202706,"{}",24,9,"{""name"":""polygon"",""all_points_x"":[104,74,73,72,69,68,66,108,108,109,105,104,104,105],""all_points_y"":[185,180,180,185,193,197,203,217,217,217,191,190,187,186]}","{}"
32-07-2017-02-08-00:00_2017-02-08-23:59_Sentinel-2_L2A_True_color.png,202706,"{}",24,10,"{""name"":""polygon"",""all_points_x"":[128,128,123,119,116,112,109,107,107,107,107,108,109,110,120,125,128,131,134,134,131],""all_points_y"":[168,168,174,181,182,178,182,184,188,191,195,204,208,208,193,186,181,177,173,171,170]}","{}"
32-07-2017-02-08-00:00_2017-02-08-23:59_Sentinel-2_L2A_True_color.png,202706,"{}",24,11,"{""name"":""polygon"",""all_points_x"":[142,149,157,154,150,148,144,143],""all_points_y"":[272,270,289,291,293,288,280,275]}","{}"
32-07-2017-02-08-00:00_2017-02-08-23:59_Sentinel-2_L2A_True_color.png,202706,"{}",24,12,"{""name"":""polygon"",""all_points_x"":[196,192,191,190,190,184,183,181,180,175,173,172,171,163,158,158,158,162,164,166,167,167,168,168,171,176,178,178,179],""all_points_y"":[142,148,149,151,153,163,166,166,167,170,170,172,173,178,180,178,172,163,154,149,143,140,137,133,132,132,132,130,130]}","{}"
32-07-2017-02-08-00:00_2017-02-08-23:59_Sentinel-2_L2A_True_color.png,202706,"{}",24,13,"{""name"":""polygon"",""all_points_x"":[197,178,177,166,169,175,181,188,191,192],""all_points_y"":[27,19,18,29,30,33,33,34,35,35]}","{}"
32-07-2017-02-08-00:00_2017-02-08-23:59_Sentinel-2_L2A_True_color.png,202706,"{}",24,14,"{""name"":""polygon"",""all_points_x"":[177,177,175,172,169,166,163,157,153,149,146,144,142,139,139,140,143,144,151,159,161,162,163,164,166,169,171,173,174,178,182,188,191,191,184,182,183,182,180,179,178,178],""all_points_y"":[61,64,64,63,61,61,60,57,55,53,52,51,50,48,47,48,49,49,43,35,33,32,31,31,31,32,33,34,35,35,35,36,36,36,45,48,51,52,52,54,57,60]}","{}"
32-07-2017-02-08-00:00_2017-02-08-23:59_Sentinel-2_L2A_True_color.png,202706,"{}",24,15,"{""name"":""polygon"",""all_points_x"":[134,132,127,124,123,120,118,117,116,110,109,107,107,106,106,79,83,87,91,94,96,98,98,100,101,103,103,105,106,107,108,110,110,133],""all_points_y"":[49,46,43,40,39,39,38,36,34,29,28,27,26,25,25,51,55,57,60,63,63,64,66,68,68,68,69,72,73,73,73,73,73,51]}","{}"
32-07-2017-02-08-00:00_2017-02-08-23:59_Sentinel-2_L2A_True_color.png,202706,"{}",24,16,"{""name"":""polygon"",""all_points_x"":[78,104,102,98,98,99,99,101,102,102,104,108,109,111,113,124,98,66,65,67],""all_points_y"":[50,23,20,17,16,14,12,14,13,8,8,12,13,14,14,0,0,37,38,40]}","{}"
32-07-2017-02-08-00:00_2017-02-08-23:59_Sentinel-2_L2A_True_color.png,202706,"{}",24,17,"{""name"":""polygon"",""all_points_x"":[63,96,81,81,78,76,74,71,70,70,65,63,60,57,56,49,52],""all_points_y"":[36,0,0,2,3,3,4,4,4,5,9,11,14,14,14,22,25]}","{}"
32-07-2017-02-08-00:00_2017-02-08-23:59_Sentinel-2_L2A_True_color.png,202706,"{}",24,18,"{""name"":""polygon"",""all_points_x"":[144,142,141,141,137,133,129,127,123,121,119,116,113,112,114,116,118,119,119,114,126,132],""all_points_y"":[13,16,16,19,24,31,37,40,38,36,34,30,28,26,24,22,21,19,18,15,0,0]}","{}"
32-07-2017-02-08-00:00_2017-02-08-23:59_Sentinel-2_L2A_True_color.png,202706,"{}",24,19,"{""name"":""polygon"",""all_points_x"":[25,17,15,16,18,18,18,18,19,21,21,25,27,28,29,30,31,32,34,35,35,34,34,33,32,29,27,26,26,26],""all_points_y"":[85,80,76,74,73,59,57,56,55,51,49,45,44,41,40,40,41,41,39,38,40,68,72,76,77,77,75,75,81,85]}","{}"
32-07-2017-02-08-00:00_2017-02-08-23:59_Sentinel-2_L2A_True_color.png,202706,"{}",24,20,"{""name"":""polygon"",""all_points_x"":[35,33,33,33,43,45,46,47,52,55,59,59,59,53,51,51,51,51,50,49,47,45,44,43,41,39,38,37,37,38,39,42,42,43,42,41,41,41],""all_points_y"":[82,83,86,89,98,101,101,103,107,108,87,82,76,75,75,55,43,37,34,34,36,35,34,33,34,35,34,32,41,39,38,39,36,36,75,80,85,87]}","{}"
32-07-2017-02-08-00:00_2017-02-08-23:59_Sentinel-2_L2A_True_color.png,202706,"{}",24,21,"{""name"":""polygon"",""all_points_x"":[72,71,66,60,58,56,54,54,52,50,42,34,31,28,26,24,21,18,16,14,14,17,19,22,24,26,29,36,40,44,49,53,54,56,57,58,60,61,60,59,59,60,62,62],""all_points_y"":[172,171,167,163,165,165,164,161,160,160,162,164,165,168,167,168,166,167,168,171,175,178,178,179,181,183,187,190,192,195,200,203,205,204,207,209,210,210,208,207,205,203,203,204]}","{}"
32-07-2017-02-08-00:00_2017-02-08-23:59_Sentinel-2_L2A_True_color.png,202706,"{}",24,22,"{""name"":""polygon"",""all_points_x"":[141,126,126,126,122,137,139,144,148,148,149,149,152,156,157,158],""all_points_y"":[102,146,149,151,159,172,171,152,142,142,140,137,127,117,116,114]}","{}"
32-07-2017-02-08-00:00_2017-02-08-23:59_Sentinel-2_L2A_True_color.png,202706,"{}",24,23,"{""name"":""polygon"",""all_points_x"":[158,164,168,173,173,169,163,160,158,151,148,149,158],""all_points_y"":[182,179,176,174,174,184,200,209,212,212,212,207,182]}","{}"
32-08-2017-02-08-00:00_2017-02-08-23:59_Sentinel-2_L2A_True_color.png,218045,"{}",8,0,"{""name"":""polygon"",""all_points_x"":[133,135,143,150,154,151,132,130,130,130,128,117,116,100,96,95,95,95,93,89,84,83,83,83,87,115,136,138,135,133,131,131,124,120,115,113,111,110,107,105,104,101,98,97,96,95,92,89,86,85,85,85,84,82,80,79,77,76,74,74,74,73,73,71,69,66,64,65,67,68,71,74,78,78,79,80,80,80,79,77,74,74,79,92,113,117,119,121,124,128,128,130,132,132],""all_points_y"":[178,176,170,164,161,157,143,142,142,140,138,126,126,135,137,139,142,144,145,140,136,134,133,132,131,116,106,105,104,101,100,99,101,103,103,104,104,104,105,105,105,106,109,111,112,114,115,118,123,124,125,126,128,128,128,127,124,123,122,121,119,119,117,117,117,125,129,132,135,137,136,134,131,128,127,129,132,134,135,134,138,139,143,158,185,184,184,186,186,187,186,185,184,183]}","{}"
32-08-2017-02-08-00:00_2017-02-08-23:59_Sentinel-2_L2A_True_color.png,218045,"{}",8,1,"{""name"":""polygon"",""all_points_x"":[60,58,58,59,60,61,63,63,64,65,68,69,71,75,83,85,91],""all_points_y"":[172,169,163,158,156,156,155,153,150,147,144,142,141,142,149,151,157]}","{}"
32-08-2017-02-08-00:00_2017-02-08-23:59_Sentinel-2_L2A_True_color.png,218045,"{}",8,2,"{""name"":""polygon"",""all_points_x"":[161,164,165,175,173,170,170,168,167,167,166,166,165,164,161,161,155,155,161],""all_points_y"":[43,36,34,52,55,57,57,60,62,59,57,57,59,60,60,60,53,50,43]}","{}"
32-08-2017-02-08-00:00_2017-02-08-23:59_Sentinel-2_L2A_True_color.png,218045,"{}",8,3,"{""name"":""polygon"",""all_points_x"":[215,210,208,208,208,211,215,219,220,221,224,226,228,229,229,228,227,226],""all_points_y"":[52,55,56,57,59,61,63,66,66,61,58,58,56,55,52,50,47,45]}","{}"
32-08-2017-02-08-00:00_2017-02-08-23:59_Sentinel-2_L2A_True_color.png,218045,"{}",8,4,"{""name"":""polygon"",""all_points_x"":[227,223,215,211,209,206,204,215,216,218,219,218,216,214,216,218,218,218,217,217,218,218,220,224,226,228],""all_points_y"":[87,90,94,96,98,99,100,115,115,113,112,110,107,105,105,104,104,102,100,98,97,95,94,92,91,90]}","{}"
32-08-2017-02-08-00:00_2017-02-08-23:59_Sentinel-2_L2A_True_color.png,218045,"{}",8,5,"{""name"":""polygon"",""all_points_x"":[217,217,213,214,216,216,218,218,219,220,221,222,223,225,229,230,229,227,226,226,225,224,222],""all_points_y"":[118,120,124,126,127,127,126,125,125,125,126,126,126,127,124,124,123,120,118,117,116,116,116]}","{}"
32-08-2017-02-08-00:00_2017-02-08-23:59_Sentinel-2_L2A_True_color.png,218045,"{}",8,6,"{""name"":""polygon"",""all_points_x"":[153,151,148,146,146,144,138,140,145,149,151,153,154,154,154,153,154,156,156,157,158,158,159,162,164,165,165,166,167,167,167,168,160,158],""all_points_y"":[190,192,194,197,199,199,206,210,215,218,220,218,218,219,220,221,223,224,224,224,223,224,224,215,213,210,208,206,206,205,204,204,194,192]}","{}"
32-08-2017-02-08-00:00_2017-02-08-23:59_Sentinel-2_L2A_True_color.png,218045,"{}",8,7,"{""name"":""polygon"",""all_points_x"":[106,104,103,102,106,110,112,116,117,117,118,120,122,122,123,123,120,118,116,116,116,116,112,109,108,108,107,105],""all_points_y"":[251,252,254,256,259,261,261,265,266,266,264,262,258,257,255,254,251,250,248,247,245,243,239,242,243,247,246,247]}","{}"
32-09-2017-02-08-00:00_2017-02-08-23:59_Sentinel-2_L2A_True_color.png,208808,"{}",44,0,"{""name"":""polygon"",""all_points_x"":[0,29,32,36,39,42,46,49,50,51,52,53,55,55,56,56,58,47,0],""all_points_y"":[29,44,44,42,38,36,34,33,30,27,24,20,14,11,10,7,5,0,0]}","{}"
32-09-2017-02-08-00:00_2017-02-08-23:59_Sentinel-2_L2A_True_color.png,208808,"{}",44,1,"{""name"":""polygon"",""all_points_x"":[0,21,20,18,16,15,12,9,6,0],""all_points_y"":[43,54,56,60,63,64,63,62,60,56]}","{}"
32-09-2017-02-08-00:00_2017-02-08-23:59_Sentinel-2_L2A_True_color.png,208808,"{}",44,2,"{""name"":""polygon"",""all_points_x"":[0,8,10,11,12,13,0],""all_points_y"":[71,64,64,65,66,67,80]}","{}"
32-09-2017-02-08-00:00_2017-02-08-23:59_Sentinel-2_L2A_True_color.png,208808,"{}",44,3,"{""name"":""polygon"",""all_points_x"":[36,32,28,24,21,17,13,11,9,8,7,5,2,0,0,2,5,10,12,15,17,19,19,20,24,25,26,27,27,28,29,29,29,30,32,34],""all_points_y"":[98,96,96,96,94,93,92,92,93,94,96,97,98,99,149,148,147,146,144,143,143,142,140,137,137,137,135,131,130,126,123,118,114,111,107,105]}","{}"
32-09-2017-02-08-00:00_2017-02-08-23:59_Sentinel-2_L2A_True_color.png,208808,"{}",44,4,"{""name"":""polygon"",""all_points_x"":[126,127,129,139,148,149,153,154,154,155,157,157,158,159,160,161,162,162,160,143,141,139,127],""all_points_y"":[154,156,157,164,171,172,167,163,161,158,158,158,155,153,152,151,150,149,147,136,136,137,153]}","{}"
32-09-2017-02-08-00:00_2017-02-08-23:59_Sentinel-2_L2A_True_color.png,208808,"{}",44,5,"{""name"":""polygon"",""all_points_x"":[148,133,132,130,129,124,81,99,100,105],""all_points_y"":[173,163,163,162,161,157,209,223,223,219]}","{}"
32-09-2017-02-08-00:00_2017-02-08-23:59_Sentinel-2_L2A_True_color.png,208808,"{}",44,6,"{""name"":""polygon"",""all_points_x"":[177,164,162,162,162,159,158,157,155,154,154,153,148,109,105,101,105,107,110,111,113],""all_points_y"":[158,149,149,149,150,153,156,158,158,161,163,167,173,215,219,222,226,227,226,228,228]}","{}"
32-09-2017-02-08-00:00_2017-02-08-23:59_Sentinel-2_L2A_True_color.png,208808,"{}",44,7,"{""name"":""polygon"",""all_points_x"":[219,222,225,227,230,232,235,241,246,248,249,250,250,252,254,252,252,251,246,245,224,219,216,215,214,214,213,212,210,208,208,207,206,203,201,201,200,201,201],""all_points_y"":[134,137,137,139,141,143,145,150,153,154,153,154,156,157,158,160,162,162,161,161,166,167,168,168,167,166,165,165,165,163,163,162,161,160,158,157,157,156,154]}","{}"
32-09-2017-02-08-00:00_2017-02-08-23:59_Sentinel-2_L2A_True_color.png,208808,"{}",44,8,"{""name"":""polygon"",""all_points_x"":[209,209,207,206,204,202,201,199,199,199,197,196,196,196,195,192,191,189,189,189,189,189,188,161,161,161,162,162,162,161,161,160,158,154,154,152,150,148,147,144,143,143,144,145,147,149,157,160,160,162,163,162,165,177,183,186,189,191,192,192,193,194,197,199,201],""all_points_y"":[168,167,165,165,165,164,162,162,160,159,159,159,157,156,155,152,153,152,152,152,151,151,150,179,180,181,181,184,185,186,188,189,188,190,191,192,194,194,195,198,198,200,200,199,198,198,194,194,196,195,194,193,192,188,188,186,186,186,185,182,179,178,177,177,176]}","{}"
32-09-2017-02-08-00:00_2017-02-08-23:59_Sentinel-2_L2A_True_color.png,208808,"{}",44,9,"{""name"":""polygon"",""all_points_x"":[288,304,297,276],""all_points_y"":[183,188,216,212]}","{}"
32-09-2017-02-08-00:00_2017-02-08-23:59_Sentinel-2_L2A_True_color.png,208808,"{}",44,10,"{""name"":""polygon"",""all_points_x"":[305,301,300,300,300,299,320,320],""all_points_y"":[194,206,211,213,215,217,223,198]}","{}"
32-09-2017-02-08-00:00_2017-02-08-23:59_Sentinel-2_L2A_True_color.png,208808,"{}",44,11,"{""name"":""polygon"",""all_points_x"":[312,305,307,308,312,320,319],""all_points_y"":[169,192,192,193,194,196,171]}","{}"
32-09-2017-02-08-00:00_2017-02-08-23:59_Sentinel-2_L2A_True_color.png,208808,"{}",44,12,"{""name"":""polygon"",""all_points_x"":[305,309,309,310,311,312,312,311,308,305,303,302,300,299,298,295,295,294,293,293,293,291,291,291,290,288,289],""all_points_y"":[185,169,167,164,161,158,156,155,156,157,158,158,158,158,160,163,165,167,168,171,173,173,174,177,179,180,181]}","{}"
32-09-2017-02-08-00:00_2017-02-08-23:59_Sentinel-2_L2A_True_color.png,208808,"{}",44,13,"{""name"":""polygon"",""all_points_x"":[248,251,253,255,259,265,265,272,279,281,280,278,277,277,276,272,270,268,266,265,264,263,262,262,261,258,255,254,244,241,239,234,229,225,222,220,215,216,216,217,218,218,219,220,222,225,225,224,222,224,225,226,228,229,230,228,225,227],""all_points_y"":[152,152,150,149,143,132,128,118,107,102,101,100,98,96,93,91,91,90,89,89,89,85,84,82,82,81,80,80,90,93,96,102,105,111,114,115,122,123,125,126,128,129,127,124,124,125,127,129,131,134,132,130,129,129,130,132,135,136]}","{}"
32-09-2017-02-08-00:00_2017-02-08-23:59_Sentinel-2_L2A_True_color.png,208808,"{}",44,14,"{""name"":""polygon"",""all_points_x"":[226,230,232,234,241,241,243,243,245,245,204,201,187,179,177],""all_points_y"":[105,100,100,100,87,81,81,82,80,77,61,61,79,88,90]}","{}"
32-09-2017-02-08-00:00_2017-02-08-23:59_Sentinel-2_L2A_True_color.png,208808,"{}",44,15,"{""name"":""polygon"",""all_points_x"":[198,193,191,191,189,184,182,180,179,177,176,176,174,139,152,153,156,157,160,163,166,168,170,172,175,179,184,185,188,190],""all_points_y"":[60,65,66,68,71,76,79,80,81,83,83,86,89,78,61,60,60,59,59,59,59,59,57,56,56,56,56,56,57,57]}","{}"
32-09-2017-02-08-00:00_2017-02-08-23:59_Sentinel-2_L2A_True_color.png,208808,"{}",44,16,"{""name"":""polygon"",""all_points_x"":[117,136,131,127,125,122,119,115,112,109,104,102,100,100,100,102,102,104,104,105,106,108,109,110,111,111,112,113,115,116],""all_points_y"":[102,79,75,71,69,70,73,76,78,79,87,88,89,92,93,93,93,93,95,96,96,96,96,97,98,99,99,99,101,102]}","{}"
32-09-2017-02-08-00:00_2017-02-08-23:59_Sentinel-2_L2A_True_color.png,208808,"{}",44,17,"{""name"":""polygon"",""all_points_x"":[146,146,135,129,127,126,127,137,139,153,154,151,149,147],""all_points_y"":[55,57,64,67,67,67,69,78,78,60,59,58,56,54]}","{}"
32-09-2017-02-08-00:00_2017-02-08-23:59_Sentinel-2_L2A_True_color.png,208808,"{}",44,18,"{""name"":""polygon"",""all_points_x"":[137,134,133,129,127,124,123,120,119,119,121,122,124,126,128,130,132,134,136,136,138,139,141,143,145,146,148,149,149,150,152,154,155,157,158,160,161,162,163,165,166,167,168,169,170,171,171,168,166,160,152,150,142],""all_points_y"":[80,83,86,90,93,96,99,101,103,105,106,106,107,108,110,110,110,111,113,114,114,115,116,117,118,120,119,119,117,115,113,111,110,108,106,105,104,103,102,99,98,96,95,94,94,92,92,89,89,88,85,84,81]}","{}"
32-09-2017-02-08-00:00_2017-02-08-23:59_Sentinel-2_L2A_True_color.png,208808,"{}",44,19,"{""name"":""polygon"",""all_points_x"":[108,106,106,104,103,99,96,94,92,91,89,88,87,86,86,88,89,90,96,98,102,103,105,107,108,109,110,111,114,115,116,118,119,120,121,122,123,124,124,124,124,124,123,122,120,117,115,113],""all_points_y"":[100,101,103,107,110,113,117,119,121,124,129,134,138,141,143,143,142,143,147,146,142,140,138,136,135,133,130,129,129,127,125,123,121,121,120,119,119,118,117,113,112,110,109,109,107,106,104,103]}","{}"
32-09-2017-02-08-00:00_2017-02-08-23:59_Sentinel-2_L2A_True_color.png,208808,"{}",44,20,"{""name"":""polygon"",""all_points_x"":[168,192,182,180,178,164,164],""all_points_y"":[233,234,260,263,264,257,256]}","{}"
32-09-2017-02-08-00:00_2017-02-08-23:59_Sentinel-2_L2A_True_color.png,208808,"{}",44,21,"{""name"":""polygon"",""all_points_x"":[161,162,163,164,166,166,165,125,122,121,119,127,132,134,135,135,138,139,139,141,143,144,144,143,145,144,146,147,148,149,149,150,151,152,154,155,156,157],""all_points_y"":[255,251,246,240,237,232,231,229,232,233,233,237,239,240,241,242,244,243,241,241,241,242,244,246,247,248,249,248,248,249,250,251,250,251,252,253,254,255]}","{}"
32-09-2017-02-08-00:00_2017-02-08-23:59_Sentinel-2_L2A_True_color.png,208808,"{}",44,22,"{""name"":""polygon"",""all_points_x"":[167,164,163,166,160,160,162,166,169,170,171,171,172,173,174,175,175],""all_points_y"":[268,274,276,277,292,294,294,294,294,291,286,280,276,272,272,269,268]}","{}"
32-09-2017-02-08-00:00_2017-02-08-23:59_Sentinel-2_L2A_True_color.png,208808,"{}",44,23,"{""name"":""polygon"",""all_points_x"":[178,177,176,176,175,174,173,172,173,183,185,188,189,188,187,186],""all_points_y"":[272,275,276,281,284,288,289,291,293,292,287,278,275,273,272,271]}","{}"
32-09-2017-02-08-00:00_2017-02-08-23:59_Sentinel-2_L2A_True_color.png,208808,"{}",44,24,"{""name"":""polygon"",""all_points_x"":[201,218,230,238,246,247,248,249,249,251,252,253,252,248,241,238,234,228,224,220,217,213,207,202,201],""all_points_y"":[297,298,300,299,300,299,296,294,291,290,289,288,287,287,287,287,287,288,289,289,289,291,291,291,293]}","{}"
32-09-2017-02-08-00:00_2017-02-08-23:59_Sentinel-2_L2A_True_color.png,208808,"{}",44,25,"{""name"":""polygon"",""all_points_x"":[239,223,208,201,198,198,198,196,196,195,235],""all_points_y"":[312,311,310,309,309,311,314,317,318,320,320]}","{}"
32-09-2017-02-08-00:00_2017-02-08-23:59_Sentinel-2_L2A_True_color.png,208808,"{}",44,26,"{""name"":""polygon"",""all_points_x"":[249,247,244,242,240,239,281,285,289,290,289,288,285,282,281,279,274,272,270,267,267,259,255,252,250],""all_points_y"":[298,303,308,313,317,320,320,314,310,307,305,304,304,304,302,301,300,300,303,302,301,300,300,299,298]}","{}"
32-09-2017-02-08-00:00_2017-02-08-23:59_Sentinel-2_L2A_True_color.png,208808,"{}",44,27,"{""name"":""polygon"",""all_points_x"":[249,251,252,254,258,261,263,266,272,281,289,293,295,297,298,299,301,301,304,306,313,314,314,312,310,307],""all_points_y"":[295,292,289,289,288,288,289,289,290,291,292,291,293,293,292,291,291,293,293,293,294,294,296,300,301,301]}","{}"
32-09-2017-02-08-00:00_2017-02-08-23:59_Sentinel-2_L2A_True_color.png,208808,"{}",44,28,"{""name"":""polygon"",""all_points_x"":[193,194,194,196,205,216,225,231,231,230,230,228,226],""all_points_y"":[265,262,258,255,255,255,254,254,258,262,264,265,266]}","{}"
32-09-2017-02-08-00:00_2017-02-08-23:59_Sentinel-2_L2A_True_color.png,208808,"{}",44,29,"{""name"":""polygon"",""all_points_x"":[18,22,21,20,18,19,21,0,0],""all_points_y"":[310,315,316,317,317,317,320,320,287]}","{}"
32-09-2017-02-08-00:00_2017-02-08-23:59_Sentinel-2_L2A_True_color.png,208808,"{}",44,30,"{""name"":""polygon"",""all_points_x"":[24,56,56,56,54,45,45,44,43,22,22,7,6,6,7,7,8,9],""all_points_y"":[312,286,283,282,281,261,260,259,258,274,276,288,289,289,290,292,293,293]}","{}"
32-09-2017-02-08-00:00_2017-02-08-23:59_Sentinel-2_L2A_True_color.png,208808,"{}",44,31,"{""name"":""polygon"",""all_points_x"":[20,17,11,8,4,1,0,0,3,4,6,7],""all_points_y"":[275,271,265,262,257,253,252,281,284,286,286,285]}","{}"
32-09-2017-02-08-00:00_2017-02-08-23:59_Sentinel-2_L2A_True_color.png,208808,"{}",44,32,"{""name"":""polygon"",""all_points_x"":[35,33,28,25,21,18,15,12,14,16,18,37,39,40,40,39,39,37,37,37,35],""all_points_y"":[242,244,248,251,253,256,258,261,264,267,269,253,253,252,250,248,247,246,244,243,242]}","{}"
32-09-2017-02-08-00:00_2017-02-08-23:59_Sentinel-2_L2A_True_color.png,208808,"{}",44,33,"{""name"":""polygon"",""all_points_x"":[43,39,33,27,23,21,20,19,18,37,39,40,42],""all_points_y"":[257,259,264,269,272,273,272,270,269,253,253,252,254]}","{}"
32-09-2017-02-08-00:00_2017-02-08-23:59_Sentinel-2_L2A_True_color.png,208808,"{}",44,34,"{""name"":""polygon"",""all_points_x"":[29,31,32,36,34,33,34,35,35,25,21,18,12,11,3,3,4,5,5,6,7,8,8,10,12,14,15,16,18,19,20,22,24,25,25,26,26],""all_points_y"":[227,229,232,239,239,241,241,241,242,251,253,256,261,261,252,250,247,245,243,242,241,240,238,239,239,238,237,237,237,236,237,236,234,233,230,229,228]}","{}"
32-09-2017-02-08-00:00_2017-02-08-23:59_Sentinel-2_L2A_True_color.png,208808,"{}",44,35,"{""name"":""polygon"",""all_points_x"":[53,38,40,42,42,44,46,57],""all_points_y"":[228,242,246,249,249,250,248,235]}","{}"
32-09-2017-02-08-00:00_2017-02-08-23:59_Sentinel-2_L2A_True_color.png,208808,"{}",44,36,"{""name"":""polygon"",""all_points_x"":[63,64,66,68,67,68,68,72,76,81,79,79,76,76,73,72,70],""all_points_y"":[259,263,265,268,270,272,272,269,265,261,260,258,256,255,252,250,250]}","{}"
32-09-2017-02-08-00:00_2017-02-08-23:59_Sentinel-2_L2A_True_color.png,208808,"{}",44,37,"{""name"":""polygon"",""all_points_x"":[97,82,80,77,76,67,67,70,71,70,73,96],""all_points_y"":[186,205,207,206,207,200,197,193,190,169,166,185]}","{}"
32-09-2017-02-08-00:00_2017-02-08-23:59_Sentinel-2_L2A_True_color.png,208808,"{}",44,38,"{""name"":""polygon"",""all_points_x"":[299,301,301,300,300,300,300,300,297,286,281,273,269,266,259,256,255,255,258,259,261,263,264,264,266,268,267,274,278,287,292],""all_points_y"":[55,53,51,40,30,23,19,0,0,15,21,33,37,41,50,55,56,59,61,62,62,62,63,62,62,64,64,66,65,61,59]}","{}"
32-09-2017-02-08-00:00_2017-02-08-23:59_Sentinel-2_L2A_True_color.png,208808,"{}",44,39,"{""name"":""polygon"",""all_points_x"":[253,256,265,272,278,289,278,276,233,232,233,236,237,240,242,242,243,243,248,250],""all_points_y"":[56,51,39,28,21,8,20,20,56,58,60,60,61,62,62,62,60,60,59,58]}","{}"
32-09-2017-02-08-00:00_2017-02-08-23:59_Sentinel-2_L2A_True_color.png,208808,"{}",44,40,"{""name"":""polygon"",""all_points_x"":[212,215,216,216,217,219,218,217,215,214,212,211,212,213,214,214,215,215,213,211,210,207,206,204,203,203,199,197,193,190,187,187,189],""all_points_y"":[52,46,41,38,38,36,33,31,32,34,33,32,31,29,30,30,30,28,27,27,28,30,32,32,31,31,34,35,38,40,41,42,44]}","{}"
32-09-2017-02-08-00:00_2017-02-08-23:59_Sentinel-2_L2A_True_color.png,208808,"{}",44,41,"{""name"":""polygon"",""all_points_x"":[248,245,245,245,244,242,241,241,239,238,237,234,232,231,231,229,226,270,269,265,260,257,255,255],""all_points_y"":[17,16,13,12,11,11,11,9,9,7,6,4,1,4,4,3,0,0,2,5,6,9,10,12]}","{}"
32-09-2017-02-08-00:00_2017-02-08-23:59_Sentinel-2_L2A_True_color.png,208808,"{}",44,42,"{""name"":""polygon"",""all_points_x"":[175,174,164,161,164,169,176,180,182,184,189,195,200,206,206],""all_points_y"":[93,94,106,111,114,119,125,128,129,127,123,116,110,105,103]}","{}"
32-09-2017-02-08-00:00_2017-02-08-23:59_Sentinel-2_L2A_True_color.png,208808,"{}",44,43,"{""name"":""polygon"",""all_points_x"":[312,310,306,302,298,295,296,296,297,298,315,316,317,317,315,313],""all_points_y"":[134,132,132,129,128,127,124,122,121,119,125,127,129,131,133,134]}","{}"